{
  "files/\u00f8fdream---thelema-(slowed-&-bass-boosted).mp3": 1666028996.6313744,
  "files/\u00f8fdream---thelema-(slowed--bass-boosted).mp3": 1666029397.2758844,
  "files/fdream---thelema-(slowed--bass-boosted).mp3": 1666029503.2167642
}